id;name;geoid;geoname;value;datetime
602;Energía asignada en Mercado SPOT Diario España;;;20209.6;2025-09-01T00:00:00+02:00
602;Energía asignada en Mercado SPOT Diario España;;;19347.4;2025-09-01T01:00:00+02:00
602;Energía asignada en Mercado SPOT Diario España;;;18272.5;2025-09-01T02:00:00+02:00
602;Energía asignada en Mercado SPOT Diario España;;;18409.9;2025-09-01T03:00:00+02:00
602;Energía asignada en Mercado SPOT Diario España;;;18726.6;2025-09-01T04:00:00+02:00
602;Energía asignada en Mercado SPOT Diario España;;;19157.7;2025-09-01T05:00:00+02:00
602;Energía asignada en Mercado SPOT Diario España;;;19929.7;2025-09-01T06:00:00+02:00
602;Energía asignada en Mercado SPOT Diario España;;;18372.9;2025-09-01T07:00:00+02:00
602;Energía asignada en Mercado SPOT Diario España;;;20427.4;2025-09-01T08:00:00+02:00
602;Energía asignada en Mercado SPOT Diario España;;;27109.5;2025-09-01T09:00:00+02:00
602;Energía asignada en Mercado SPOT Diario España;;;30811.8;2025-09-01T10:00:00+02:00
602;Energía asignada en Mercado SPOT Diario España;;;29777;2025-09-01T11:00:00+02:00
602;Energía asignada en Mercado SPOT Diario España;;;30185.1;2025-09-01T12:00:00+02:00
602;Energía asignada en Mercado SPOT Diario España;;;30338.6;2025-09-01T13:00:00+02:00
602;Energía asignada en Mercado SPOT Diario España;;;30297.2;2025-09-01T14:00:00+02:00
602;Energía asignada en Mercado SPOT Diario España;;;29996.6;2025-09-01T15:00:00+02:00
602;Energía asignada en Mercado SPOT Diario España;;;29556.3;2025-09-01T16:00:00+02:00
602;Energía asignada en Mercado SPOT Diario España;;;30022.6;2025-09-01T17:00:00+02:00
602;Energía asignada en Mercado SPOT Diario España;;;31947.8;2025-09-01T18:00:00+02:00
602;Energía asignada en Mercado SPOT Diario España;;;27100.2;2025-09-01T19:00:00+02:00
602;Energía asignada en Mercado SPOT Diario España;;;20241.4;2025-09-01T20:00:00+02:00
602;Energía asignada en Mercado SPOT Diario España;;;20214.5;2025-09-01T21:00:00+02:00
602;Energía asignada en Mercado SPOT Diario España;;;19218.6;2025-09-01T22:00:00+02:00
602;Energía asignada en Mercado SPOT Diario España;;;17840.1;2025-09-01T23:00:00+02:00
602;Energía asignada en Mercado SPOT Diario España;;;18164;2025-09-02T00:00:00+02:00
602;Energía asignada en Mercado SPOT Diario España;;;17204.8;2025-09-02T01:00:00+02:00
602;Energía asignada en Mercado SPOT Diario España;;;17773.5;2025-09-02T02:00:00+02:00
602;Energía asignada en Mercado SPOT Diario España;;;17493.4;2025-09-02T03:00:00+02:00
602;Energía asignada en Mercado SPOT Diario España;;;17394.8;2025-09-02T04:00:00+02:00
602;Energía asignada en Mercado SPOT Diario España;;;17614.5;2025-09-02T05:00:00+02:00
602;Energía asignada en Mercado SPOT Diario España;;;17428.6;2025-09-02T06:00:00+02:00
602;Energía asignada en Mercado SPOT Diario España;;;17594.6;2025-09-02T07:00:00+02:00
602;Energía asignada en Mercado SPOT Diario España;;;18940.2;2025-09-02T08:00:00+02:00
602;Energía asignada en Mercado SPOT Diario España;;;25237.9;2025-09-02T09:00:00+02:00
602;Energía asignada en Mercado SPOT Diario España;;;28780.5;2025-09-02T10:00:00+02:00
602;Energía asignada en Mercado SPOT Diario España;;;29505.2;2025-09-02T11:00:00+02:00
602;Energía asignada en Mercado SPOT Diario España;;;30604.6;2025-09-02T12:00:00+02:00
602;Energía asignada en Mercado SPOT Diario España;;;30449.7;2025-09-02T13:00:00+02:00
602;Energía asignada en Mercado SPOT Diario España;;;30257.9;2025-09-02T14:00:00+02:00
602;Energía asignada en Mercado SPOT Diario España;;;31129.8;2025-09-02T15:00:00+02:00
602;Energía asignada en Mercado SPOT Diario España;;;31361;2025-09-02T16:00:00+02:00
602;Energía asignada en Mercado SPOT Diario España;;;31446.5;2025-09-02T17:00:00+02:00
602;Energía asignada en Mercado SPOT Diario España;;;28087.3;2025-09-02T18:00:00+02:00
602;Energía asignada en Mercado SPOT Diario España;;;23530.8;2025-09-02T19:00:00+02:00
602;Energía asignada en Mercado SPOT Diario España;;;20676;2025-09-02T20:00:00+02:00
602;Energía asignada en Mercado SPOT Diario España;;;20493;2025-09-02T21:00:00+02:00
602;Energía asignada en Mercado SPOT Diario España;;;19522.6;2025-09-02T22:00:00+02:00
602;Energía asignada en Mercado SPOT Diario España;;;18282;2025-09-02T23:00:00+02:00
602;Energía asignada en Mercado SPOT Diario España;;;17556.5;2025-09-03T00:00:00+02:00
602;Energía asignada en Mercado SPOT Diario España;;;16377.9;2025-09-03T01:00:00+02:00
602;Energía asignada en Mercado SPOT Diario España;;;16404.8;2025-09-03T02:00:00+02:00
602;Energía asignada en Mercado SPOT Diario España;;;15820.6;2025-09-03T03:00:00+02:00
602;Energía asignada en Mercado SPOT Diario España;;;16009.6;2025-09-03T04:00:00+02:00
602;Energía asignada en Mercado SPOT Diario España;;;16452;2025-09-03T05:00:00+02:00
602;Energía asignada en Mercado SPOT Diario España;;;17041.2;2025-09-03T06:00:00+02:00
602;Energía asignada en Mercado SPOT Diario España;;;17765.2;2025-09-03T07:00:00+02:00
602;Energía asignada en Mercado SPOT Diario España;;;20139.6;2025-09-03T08:00:00+02:00
602;Energía asignada en Mercado SPOT Diario España;;;26785.8;2025-09-03T09:00:00+02:00
602;Energía asignada en Mercado SPOT Diario España;;;29456.3;2025-09-03T10:00:00+02:00
602;Energía asignada en Mercado SPOT Diario España;;;28395.1;2025-09-03T11:00:00+02:00
602;Energía asignada en Mercado SPOT Diario España;;;28221;2025-09-03T12:00:00+02:00
602;Energía asignada en Mercado SPOT Diario España;;;28408.6;2025-09-03T13:00:00+02:00
602;Energía asignada en Mercado SPOT Diario España;;;28418.5;2025-09-03T14:00:00+02:00
602;Energía asignada en Mercado SPOT Diario España;;;28217.4;2025-09-03T15:00:00+02:00
602;Energía asignada en Mercado SPOT Diario España;;;28373.7;2025-09-03T16:00:00+02:00
602;Energía asignada en Mercado SPOT Diario España;;;29565.4;2025-09-03T17:00:00+02:00
602;Energía asignada en Mercado SPOT Diario España;;;27612.9;2025-09-03T18:00:00+02:00
602;Energía asignada en Mercado SPOT Diario España;;;22904;2025-09-03T19:00:00+02:00
602;Energía asignada en Mercado SPOT Diario España;;;20409.1;2025-09-03T20:00:00+02:00
602;Energía asignada en Mercado SPOT Diario España;;;20651.6;2025-09-03T21:00:00+02:00
602;Energía asignada en Mercado SPOT Diario España;;;19382.2;2025-09-03T22:00:00+02:00
602;Energía asignada en Mercado SPOT Diario España;;;17541.3;2025-09-03T23:00:00+02:00
602;Energía asignada en Mercado SPOT Diario España;;;16953;2025-09-04T00:00:00+02:00
602;Energía asignada en Mercado SPOT Diario España;;;16025.3;2025-09-04T01:00:00+02:00
602;Energía asignada en Mercado SPOT Diario España;;;15508.4;2025-09-04T02:00:00+02:00
602;Energía asignada en Mercado SPOT Diario España;;;15388.4;2025-09-04T03:00:00+02:00
602;Energía asignada en Mercado SPOT Diario España;;;15387.7;2025-09-04T04:00:00+02:00
602;Energía asignada en Mercado SPOT Diario España;;;15574;2025-09-04T05:00:00+02:00
602;Energía asignada en Mercado SPOT Diario España;;;15986;2025-09-04T06:00:00+02:00
602;Energía asignada en Mercado SPOT Diario España;;;17405.1;2025-09-04T07:00:00+02:00
602;Energía asignada en Mercado SPOT Diario España;;;18070.9;2025-09-04T08:00:00+02:00
602;Energía asignada en Mercado SPOT Diario España;;;23619.2;2025-09-04T09:00:00+02:00
602;Energía asignada en Mercado SPOT Diario España;;;27815.2;2025-09-04T10:00:00+02:00
602;Energía asignada en Mercado SPOT Diario España;;;29747.6;2025-09-04T11:00:00+02:00
602;Energía asignada en Mercado SPOT Diario España;;;29927.1;2025-09-04T12:00:00+02:00
602;Energía asignada en Mercado SPOT Diario España;;;30230.9;2025-09-04T13:00:00+02:00
602;Energía asignada en Mercado SPOT Diario España;;;30213.1;2025-09-04T14:00:00+02:00
602;Energía asignada en Mercado SPOT Diario España;;;30076.9;2025-09-04T15:00:00+02:00
602;Energía asignada en Mercado SPOT Diario España;;;31033.4;2025-09-04T16:00:00+02:00
602;Energía asignada en Mercado SPOT Diario España;;;30255.2;2025-09-04T17:00:00+02:00
602;Energía asignada en Mercado SPOT Diario España;;;26406.1;2025-09-04T18:00:00+02:00
602;Energía asignada en Mercado SPOT Diario España;;;22231.2;2025-09-04T19:00:00+02:00
602;Energía asignada en Mercado SPOT Diario España;;;19696.6;2025-09-04T20:00:00+02:00
602;Energía asignada en Mercado SPOT Diario España;;;20367.2;2025-09-04T21:00:00+02:00
602;Energía asignada en Mercado SPOT Diario España;;;18617.3;2025-09-04T22:00:00+02:00
602;Energía asignada en Mercado SPOT Diario España;;;18015.4;2025-09-04T23:00:00+02:00
602;Energía asignada en Mercado SPOT Diario España;;;17256.1;2025-09-05T00:00:00+02:00
602;Energía asignada en Mercado SPOT Diario España;;;16602.2;2025-09-05T01:00:00+02:00
602;Energía asignada en Mercado SPOT Diario España;;;16521.8;2025-09-05T02:00:00+02:00
602;Energía asignada en Mercado SPOT Diario España;;;16519.7;2025-09-05T03:00:00+02:00
602;Energía asignada en Mercado SPOT Diario España;;;16585.2;2025-09-05T04:00:00+02:00
602;Energía asignada en Mercado SPOT Diario España;;;16753.2;2025-09-05T05:00:00+02:00
602;Energía asignada en Mercado SPOT Diario España;;;16789.1;2025-09-05T06:00:00+02:00
602;Energía asignada en Mercado SPOT Diario España;;;17696.8;2025-09-05T07:00:00+02:00
602;Energía asignada en Mercado SPOT Diario España;;;18003.7;2025-09-05T08:00:00+02:00
602;Energía asignada en Mercado SPOT Diario España;;;22089.2;2025-09-05T09:00:00+02:00
602;Energía asignada en Mercado SPOT Diario España;;;26912.2;2025-09-05T10:00:00+02:00
602;Energía asignada en Mercado SPOT Diario España;;;29330.3;2025-09-05T11:00:00+02:00
602;Energía asignada en Mercado SPOT Diario España;;;30059.8;2025-09-05T12:00:00+02:00
602;Energía asignada en Mercado SPOT Diario España;;;30312.9;2025-09-05T13:00:00+02:00
602;Energía asignada en Mercado SPOT Diario España;;;29756.9;2025-09-05T14:00:00+02:00
602;Energía asignada en Mercado SPOT Diario España;;;29122.3;2025-09-05T15:00:00+02:00
602;Energía asignada en Mercado SPOT Diario España;;;29054.9;2025-09-05T16:00:00+02:00
602;Energía asignada en Mercado SPOT Diario España;;;29524;2025-09-05T17:00:00+02:00
602;Energía asignada en Mercado SPOT Diario España;;;26380.1;2025-09-05T18:00:00+02:00
602;Energía asignada en Mercado SPOT Diario España;;;22202.3;2025-09-05T19:00:00+02:00
602;Energía asignada en Mercado SPOT Diario España;;;19544.2;2025-09-05T20:00:00+02:00
602;Energía asignada en Mercado SPOT Diario España;;;19488.2;2025-09-05T21:00:00+02:00
602;Energía asignada en Mercado SPOT Diario España;;;18884.5;2025-09-05T22:00:00+02:00
602;Energía asignada en Mercado SPOT Diario España;;;17693.7;2025-09-05T23:00:00+02:00
602;Energía asignada en Mercado SPOT Diario España;;;18511.4;2025-09-06T00:00:00+02:00
602;Energía asignada en Mercado SPOT Diario España;;;18509.5;2025-09-06T01:00:00+02:00
602;Energía asignada en Mercado SPOT Diario España;;;19040.7;2025-09-06T02:00:00+02:00
602;Energía asignada en Mercado SPOT Diario España;;;19620.3;2025-09-06T03:00:00+02:00
602;Energía asignada en Mercado SPOT Diario España;;;19366.9;2025-09-06T04:00:00+02:00
602;Energía asignada en Mercado SPOT Diario España;;;19206.4;2025-09-06T05:00:00+02:00
602;Energía asignada en Mercado SPOT Diario España;;;19052.9;2025-09-06T06:00:00+02:00
602;Energía asignada en Mercado SPOT Diario España;;;19312.7;2025-09-06T07:00:00+02:00
602;Energía asignada en Mercado SPOT Diario España;;;20096.1;2025-09-06T08:00:00+02:00
602;Energía asignada en Mercado SPOT Diario España;;;22471.7;2025-09-06T09:00:00+02:00
602;Energía asignada en Mercado SPOT Diario España;;;27137.2;2025-09-06T10:00:00+02:00
602;Energía asignada en Mercado SPOT Diario España;;;25748.6;2025-09-06T11:00:00+02:00
602;Energía asignada en Mercado SPOT Diario España;;;25952.2;2025-09-06T12:00:00+02:00
602;Energía asignada en Mercado SPOT Diario España;;;25278.9;2025-09-06T13:00:00+02:00
602;Energía asignada en Mercado SPOT Diario España;;;25182.3;2025-09-06T14:00:00+02:00
602;Energía asignada en Mercado SPOT Diario España;;;27158.8;2025-09-06T15:00:00+02:00
602;Energía asignada en Mercado SPOT Diario España;;;26987.8;2025-09-06T16:00:00+02:00
602;Energía asignada en Mercado SPOT Diario España;;;27277.4;2025-09-06T17:00:00+02:00
602;Energía asignada en Mercado SPOT Diario España;;;27601.2;2025-09-06T18:00:00+02:00
602;Energía asignada en Mercado SPOT Diario España;;;26006.9;2025-09-06T19:00:00+02:00
602;Energía asignada en Mercado SPOT Diario España;;;22927.2;2025-09-06T20:00:00+02:00
602;Energía asignada en Mercado SPOT Diario España;;;22563.1;2025-09-06T21:00:00+02:00
602;Energía asignada en Mercado SPOT Diario España;;;21372.3;2025-09-06T22:00:00+02:00
602;Energía asignada en Mercado SPOT Diario España;;;20579;2025-09-06T23:00:00+02:00
602;Energía asignada en Mercado SPOT Diario España;;;20644.6;2025-09-07T00:00:00+02:00
602;Energía asignada en Mercado SPOT Diario España;;;19889.3;2025-09-07T01:00:00+02:00
602;Energía asignada en Mercado SPOT Diario España;;;19033.2;2025-09-07T02:00:00+02:00
602;Energía asignada en Mercado SPOT Diario España;;;18636.3;2025-09-07T03:00:00+02:00
602;Energía asignada en Mercado SPOT Diario España;;;18406.8;2025-09-07T04:00:00+02:00
602;Energía asignada en Mercado SPOT Diario España;;;17970.7;2025-09-07T05:00:00+02:00
602;Energía asignada en Mercado SPOT Diario España;;;17992.9;2025-09-07T06:00:00+02:00
602;Energía asignada en Mercado SPOT Diario España;;;18409.1;2025-09-07T07:00:00+02:00
602;Energía asignada en Mercado SPOT Diario España;;;18189.6;2025-09-07T08:00:00+02:00
602;Energía asignada en Mercado SPOT Diario España;;;21191.9;2025-09-07T09:00:00+02:00
602;Energía asignada en Mercado SPOT Diario España;;;24098.6;2025-09-07T10:00:00+02:00
602;Energía asignada en Mercado SPOT Diario España;;;24431.6;2025-09-07T11:00:00+02:00
602;Energía asignada en Mercado SPOT Diario España;;;24886.6;2025-09-07T12:00:00+02:00
602;Energía asignada en Mercado SPOT Diario España;;;25490.6;2025-09-07T13:00:00+02:00
602;Energía asignada en Mercado SPOT Diario España;;;25570.9;2025-09-07T14:00:00+02:00
602;Energía asignada en Mercado SPOT Diario España;;;24884.5;2025-09-07T15:00:00+02:00
602;Energía asignada en Mercado SPOT Diario España;;;24469.7;2025-09-07T16:00:00+02:00
602;Energía asignada en Mercado SPOT Diario España;;;24531.4;2025-09-07T17:00:00+02:00
602;Energía asignada en Mercado SPOT Diario España;;;20711.7;2025-09-07T18:00:00+02:00
602;Energía asignada en Mercado SPOT Diario España;;;19575.3;2025-09-07T19:00:00+02:00
602;Energía asignada en Mercado SPOT Diario España;;;17530.3;2025-09-07T20:00:00+02:00
602;Energía asignada en Mercado SPOT Diario España;;;18322.9;2025-09-07T21:00:00+02:00
602;Energía asignada en Mercado SPOT Diario España;;;17307.7;2025-09-07T22:00:00+02:00
602;Energía asignada en Mercado SPOT Diario España;;;16144.7;2025-09-07T23:00:00+02:00
602;Energía asignada en Mercado SPOT Diario España;;;15610.5;2025-09-08T00:00:00+02:00
602;Energía asignada en Mercado SPOT Diario España;;;15102.9;2025-09-08T01:00:00+02:00
602;Energía asignada en Mercado SPOT Diario España;;;14387.9;2025-09-08T02:00:00+02:00
602;Energía asignada en Mercado SPOT Diario España;;;14351.5;2025-09-08T03:00:00+02:00
602;Energía asignada en Mercado SPOT Diario España;;;14586;2025-09-08T04:00:00+02:00
602;Energía asignada en Mercado SPOT Diario España;;;14527.4;2025-09-08T05:00:00+02:00
602;Energía asignada en Mercado SPOT Diario España;;;15759.9;2025-09-08T06:00:00+02:00
602;Energía asignada en Mercado SPOT Diario España;;;17457.6;2025-09-08T07:00:00+02:00
602;Energía asignada en Mercado SPOT Diario España;;;18087.2;2025-09-08T08:00:00+02:00
602;Energía asignada en Mercado SPOT Diario España;;;18614.4;2025-09-08T09:00:00+02:00
602;Energía asignada en Mercado SPOT Diario España;;;22188.7;2025-09-08T10:00:00+02:00
602;Energía asignada en Mercado SPOT Diario España;;;24504.8;2025-09-08T11:00:00+02:00
602;Energía asignada en Mercado SPOT Diario España;;;25856.3;2025-09-08T12:00:00+02:00
602;Energía asignada en Mercado SPOT Diario España;;;26459.1;2025-09-08T13:00:00+02:00
602;Energía asignada en Mercado SPOT Diario España;;;26762.8;2025-09-08T14:00:00+02:00
602;Energía asignada en Mercado SPOT Diario España;;;27103.4;2025-09-08T15:00:00+02:00
602;Energía asignada en Mercado SPOT Diario España;;;26672.8;2025-09-08T16:00:00+02:00
602;Energía asignada en Mercado SPOT Diario España;;;25372.9;2025-09-08T17:00:00+02:00
602;Energía asignada en Mercado SPOT Diario España;;;23562;2025-09-08T18:00:00+02:00
602;Energía asignada en Mercado SPOT Diario España;;;20212.7;2025-09-08T19:00:00+02:00
602;Energía asignada en Mercado SPOT Diario España;;;19475.1;2025-09-08T20:00:00+02:00
602;Energía asignada en Mercado SPOT Diario España;;;19823.2;2025-09-08T21:00:00+02:00
602;Energía asignada en Mercado SPOT Diario España;;;18570;2025-09-08T22:00:00+02:00
602;Energía asignada en Mercado SPOT Diario España;;;18242.9;2025-09-08T23:00:00+02:00
602;Energía asignada en Mercado SPOT Diario España;;;18626.6;2025-09-09T00:00:00+02:00
602;Energía asignada en Mercado SPOT Diario España;;;17386;2025-09-09T01:00:00+02:00
602;Energía asignada en Mercado SPOT Diario España;;;17121.3;2025-09-09T02:00:00+02:00
602;Energía asignada en Mercado SPOT Diario España;;;16600.2;2025-09-09T03:00:00+02:00
602;Energía asignada en Mercado SPOT Diario España;;;16374.1;2025-09-09T04:00:00+02:00
602;Energía asignada en Mercado SPOT Diario España;;;15975.2;2025-09-09T05:00:00+02:00
602;Energía asignada en Mercado SPOT Diario España;;;16745.7;2025-09-09T06:00:00+02:00
602;Energía asignada en Mercado SPOT Diario España;;;17929.4;2025-09-09T07:00:00+02:00
602;Energía asignada en Mercado SPOT Diario España;;;18355.3;2025-09-09T08:00:00+02:00
602;Energía asignada en Mercado SPOT Diario España;;;19809.1;2025-09-09T09:00:00+02:00
602;Energía asignada en Mercado SPOT Diario España;;;24474.6;2025-09-09T10:00:00+02:00
602;Energía asignada en Mercado SPOT Diario España;;;26243.6;2025-09-09T11:00:00+02:00
602;Energía asignada en Mercado SPOT Diario España;;;28697.9;2025-09-09T12:00:00+02:00
602;Energía asignada en Mercado SPOT Diario España;;;29292.2;2025-09-09T13:00:00+02:00
602;Energía asignada en Mercado SPOT Diario España;;;29608.1;2025-09-09T14:00:00+02:00
602;Energía asignada en Mercado SPOT Diario España;;;29562.2;2025-09-09T15:00:00+02:00
602;Energía asignada en Mercado SPOT Diario España;;;29635.9;2025-09-09T16:00:00+02:00
602;Energía asignada en Mercado SPOT Diario España;;;27114.7;2025-09-09T17:00:00+02:00
602;Energía asignada en Mercado SPOT Diario España;;;24518.7;2025-09-09T18:00:00+02:00
602;Energía asignada en Mercado SPOT Diario España;;;19766;2025-09-09T19:00:00+02:00
602;Energía asignada en Mercado SPOT Diario España;;;20077.9;2025-09-09T20:00:00+02:00
602;Energía asignada en Mercado SPOT Diario España;;;20571.7;2025-09-09T21:00:00+02:00
602;Energía asignada en Mercado SPOT Diario España;;;18836.4;2025-09-09T22:00:00+02:00
602;Energía asignada en Mercado SPOT Diario España;;;16959.8;2025-09-09T23:00:00+02:00
602;Energía asignada en Mercado SPOT Diario España;;;16796.1;2025-09-10T00:00:00+02:00
602;Energía asignada en Mercado SPOT Diario España;;;16127.4;2025-09-10T01:00:00+02:00
602;Energía asignada en Mercado SPOT Diario España;;;15099;2025-09-10T02:00:00+02:00
602;Energía asignada en Mercado SPOT Diario España;;;15934.5;2025-09-10T03:00:00+02:00
602;Energía asignada en Mercado SPOT Diario España;;;16326.8;2025-09-10T04:00:00+02:00
602;Energía asignada en Mercado SPOT Diario España;;;17048.3;2025-09-10T05:00:00+02:00
602;Energía asignada en Mercado SPOT Diario España;;;17590.7;2025-09-10T06:00:00+02:00
602;Energía asignada en Mercado SPOT Diario España;;;18220.6;2025-09-10T07:00:00+02:00
602;Energía asignada en Mercado SPOT Diario España;;;20214.1;2025-09-10T08:00:00+02:00
602;Energía asignada en Mercado SPOT Diario España;;;24768.3;2025-09-10T09:00:00+02:00
602;Energía asignada en Mercado SPOT Diario España;;;27322.2;2025-09-10T10:00:00+02:00
602;Energía asignada en Mercado SPOT Diario España;;;28400.4;2025-09-10T11:00:00+02:00
602;Energía asignada en Mercado SPOT Diario España;;;28245.7;2025-09-10T12:00:00+02:00
602;Energía asignada en Mercado SPOT Diario España;;;28601.9;2025-09-10T13:00:00+02:00
602;Energía asignada en Mercado SPOT Diario España;;;28713.2;2025-09-10T14:00:00+02:00
602;Energía asignada en Mercado SPOT Diario España;;;28514.5;2025-09-10T15:00:00+02:00
602;Energía asignada en Mercado SPOT Diario España;;;28110.8;2025-09-10T16:00:00+02:00
602;Energía asignada en Mercado SPOT Diario España;;;29216;2025-09-10T17:00:00+02:00
602;Energía asignada en Mercado SPOT Diario España;;;27442.7;2025-09-10T18:00:00+02:00
602;Energía asignada en Mercado SPOT Diario España;;;25250.3;2025-09-10T19:00:00+02:00
602;Energía asignada en Mercado SPOT Diario España;;;20242;2025-09-10T20:00:00+02:00
602;Energía asignada en Mercado SPOT Diario España;;;20015.6;2025-09-10T21:00:00+02:00
602;Energía asignada en Mercado SPOT Diario España;;;18420;2025-09-10T22:00:00+02:00
602;Energía asignada en Mercado SPOT Diario España;;;17939.9;2025-09-10T23:00:00+02:00
602;Energía asignada en Mercado SPOT Diario España;;;17390.8;2025-09-11T00:00:00+02:00
602;Energía asignada en Mercado SPOT Diario España;;;17425.5;2025-09-11T01:00:00+02:00
602;Energía asignada en Mercado SPOT Diario España;;;17428.4;2025-09-11T02:00:00+02:00
602;Energía asignada en Mercado SPOT Diario España;;;17181.9;2025-09-11T03:00:00+02:00
602;Energía asignada en Mercado SPOT Diario España;;;17921.1;2025-09-11T04:00:00+02:00
602;Energía asignada en Mercado SPOT Diario España;;;17811.5;2025-09-11T05:00:00+02:00
602;Energía asignada en Mercado SPOT Diario España;;;16945.9;2025-09-11T06:00:00+02:00
602;Energía asignada en Mercado SPOT Diario España;;;17109.9;2025-09-11T07:00:00+02:00
602;Energía asignada en Mercado SPOT Diario España;;;17964.9;2025-09-11T08:00:00+02:00
602;Energía asignada en Mercado SPOT Diario España;;;24334.4;2025-09-11T09:00:00+02:00
602;Energía asignada en Mercado SPOT Diario España;;;28271.9;2025-09-11T10:00:00+02:00
602;Energía asignada en Mercado SPOT Diario España;;;28343.1;2025-09-11T11:00:00+02:00
602;Energía asignada en Mercado SPOT Diario España;;;28485.2;2025-09-11T12:00:00+02:00
602;Energía asignada en Mercado SPOT Diario España;;;28831;2025-09-11T13:00:00+02:00
602;Energía asignada en Mercado SPOT Diario España;;;28679.2;2025-09-11T14:00:00+02:00
602;Energía asignada en Mercado SPOT Diario España;;;27946.6;2025-09-11T15:00:00+02:00
602;Energía asignada en Mercado SPOT Diario España;;;28193.9;2025-09-11T16:00:00+02:00
602;Energía asignada en Mercado SPOT Diario España;;;28285.2;2025-09-11T17:00:00+02:00
602;Energía asignada en Mercado SPOT Diario España;;;25605.5;2025-09-11T18:00:00+02:00
602;Energía asignada en Mercado SPOT Diario España;;;22617.7;2025-09-11T19:00:00+02:00
602;Energía asignada en Mercado SPOT Diario España;;;20145.5;2025-09-11T20:00:00+02:00
602;Energía asignada en Mercado SPOT Diario España;;;19682.6;2025-09-11T21:00:00+02:00
602;Energía asignada en Mercado SPOT Diario España;;;18656.2;2025-09-11T22:00:00+02:00
602;Energía asignada en Mercado SPOT Diario España;;;16982.6;2025-09-11T23:00:00+02:00
602;Energía asignada en Mercado SPOT Diario España;;;17234;2025-09-12T00:00:00+02:00
602;Energía asignada en Mercado SPOT Diario España;;;16481.4;2025-09-12T01:00:00+02:00
602;Energía asignada en Mercado SPOT Diario España;;;16309.7;2025-09-12T02:00:00+02:00
602;Energía asignada en Mercado SPOT Diario España;;;15729.6;2025-09-12T03:00:00+02:00
602;Energía asignada en Mercado SPOT Diario España;;;15611.9;2025-09-12T04:00:00+02:00
602;Energía asignada en Mercado SPOT Diario España;;;15738.1;2025-09-12T05:00:00+02:00
602;Energía asignada en Mercado SPOT Diario España;;;17085.1;2025-09-12T06:00:00+02:00
602;Energía asignada en Mercado SPOT Diario España;;;18381.5;2025-09-12T07:00:00+02:00
602;Energía asignada en Mercado SPOT Diario España;;;19410.4;2025-09-12T08:00:00+02:00
602;Energía asignada en Mercado SPOT Diario España;;;21599.8;2025-09-12T09:00:00+02:00
602;Energía asignada en Mercado SPOT Diario España;;;25773.9;2025-09-12T10:00:00+02:00
602;Energía asignada en Mercado SPOT Diario España;;;29289.9;2025-09-12T11:00:00+02:00
602;Energía asignada en Mercado SPOT Diario España;;;30266.3;2025-09-12T12:00:00+02:00
602;Energía asignada en Mercado SPOT Diario España;;;30551.1;2025-09-12T13:00:00+02:00
602;Energía asignada en Mercado SPOT Diario España;;;30223.6;2025-09-12T14:00:00+02:00
602;Energía asignada en Mercado SPOT Diario España;;;29342.9;2025-09-12T15:00:00+02:00
602;Energía asignada en Mercado SPOT Diario España;;;29475.5;2025-09-12T16:00:00+02:00
602;Energía asignada en Mercado SPOT Diario España;;;28144.4;2025-09-12T17:00:00+02:00
602;Energía asignada en Mercado SPOT Diario España;;;24955.1;2025-09-12T18:00:00+02:00
602;Energía asignada en Mercado SPOT Diario España;;;20618;2025-09-12T19:00:00+02:00
602;Energía asignada en Mercado SPOT Diario España;;;19967.7;2025-09-12T20:00:00+02:00
602;Energía asignada en Mercado SPOT Diario España;;;19665.7;2025-09-12T21:00:00+02:00
602;Energía asignada en Mercado SPOT Diario España;;;18285.7;2025-09-12T22:00:00+02:00
602;Energía asignada en Mercado SPOT Diario España;;;17030.6;2025-09-12T23:00:00+02:00
602;Energía asignada en Mercado SPOT Diario España;;;16723.6;2025-09-13T00:00:00+02:00
602;Energía asignada en Mercado SPOT Diario España;;;15819.2;2025-09-13T01:00:00+02:00
602;Energía asignada en Mercado SPOT Diario España;;;15111.9;2025-09-13T02:00:00+02:00
602;Energía asignada en Mercado SPOT Diario España;;;14654.3;2025-09-13T03:00:00+02:00
602;Energía asignada en Mercado SPOT Diario España;;;14432.8;2025-09-13T04:00:00+02:00
602;Energía asignada en Mercado SPOT Diario España;;;14194.5;2025-09-13T05:00:00+02:00
602;Energía asignada en Mercado SPOT Diario España;;;14766.9;2025-09-13T06:00:00+02:00
602;Energía asignada en Mercado SPOT Diario España;;;15624.1;2025-09-13T07:00:00+02:00
602;Energía asignada en Mercado SPOT Diario España;;;15980.6;2025-09-13T08:00:00+02:00
602;Energía asignada en Mercado SPOT Diario España;;;19818.1;2025-09-13T09:00:00+02:00
602;Energía asignada en Mercado SPOT Diario España;;;23690;2025-09-13T10:00:00+02:00
602;Energía asignada en Mercado SPOT Diario España;;;25497.3;2025-09-13T11:00:00+02:00
602;Energía asignada en Mercado SPOT Diario España;;;25860.3;2025-09-13T12:00:00+02:00
602;Energía asignada en Mercado SPOT Diario España;;;25823.8;2025-09-13T13:00:00+02:00
602;Energía asignada en Mercado SPOT Diario España;;;25571.8;2025-09-13T14:00:00+02:00
602;Energía asignada en Mercado SPOT Diario España;;;24789.9;2025-09-13T15:00:00+02:00
602;Energía asignada en Mercado SPOT Diario España;;;25725.1;2025-09-13T16:00:00+02:00
602;Energía asignada en Mercado SPOT Diario España;;;25147.7;2025-09-13T17:00:00+02:00
602;Energía asignada en Mercado SPOT Diario España;;;23663.1;2025-09-13T18:00:00+02:00
602;Energía asignada en Mercado SPOT Diario España;;;19176.2;2025-09-13T19:00:00+02:00
602;Energía asignada en Mercado SPOT Diario España;;;18279.3;2025-09-13T20:00:00+02:00
602;Energía asignada en Mercado SPOT Diario España;;;18520.8;2025-09-13T21:00:00+02:00
602;Energía asignada en Mercado SPOT Diario España;;;17173.1;2025-09-13T22:00:00+02:00
602;Energía asignada en Mercado SPOT Diario España;;;16070.3;2025-09-13T23:00:00+02:00
602;Energía asignada en Mercado SPOT Diario España;;;16066.2;2025-09-14T00:00:00+02:00
602;Energía asignada en Mercado SPOT Diario España;;;15571.2;2025-09-14T01:00:00+02:00
602;Energía asignada en Mercado SPOT Diario España;;;15248.1;2025-09-14T02:00:00+02:00
602;Energía asignada en Mercado SPOT Diario España;;;14747.9;2025-09-14T03:00:00+02:00
602;Energía asignada en Mercado SPOT Diario España;;;14405.2;2025-09-14T04:00:00+02:00
602;Energía asignada en Mercado SPOT Diario España;;;14240;2025-09-14T05:00:00+02:00
602;Energía asignada en Mercado SPOT Diario España;;;14323.4;2025-09-14T06:00:00+02:00
602;Energía asignada en Mercado SPOT Diario España;;;14587.4;2025-09-14T07:00:00+02:00
602;Energía asignada en Mercado SPOT Diario España;;;16023.3;2025-09-14T08:00:00+02:00
602;Energía asignada en Mercado SPOT Diario España;;;20081.9;2025-09-14T09:00:00+02:00
602;Energía asignada en Mercado SPOT Diario España;;;24523.2;2025-09-14T10:00:00+02:00
602;Energía asignada en Mercado SPOT Diario España;;;24906.6;2025-09-14T11:00:00+02:00
602;Energía asignada en Mercado SPOT Diario España;;;24876.3;2025-09-14T12:00:00+02:00
602;Energía asignada en Mercado SPOT Diario España;;;24260.6;2025-09-14T13:00:00+02:00
602;Energía asignada en Mercado SPOT Diario España;;;23878.3;2025-09-14T14:00:00+02:00
602;Energía asignada en Mercado SPOT Diario España;;;24150.7;2025-09-14T15:00:00+02:00
602;Energía asignada en Mercado SPOT Diario España;;;24834.9;2025-09-14T16:00:00+02:00
602;Energía asignada en Mercado SPOT Diario España;;;25478.7;2025-09-14T17:00:00+02:00
602;Energía asignada en Mercado SPOT Diario España;;;24530.4;2025-09-14T18:00:00+02:00
602;Energía asignada en Mercado SPOT Diario España;;;18772.4;2025-09-14T19:00:00+02:00
602;Energía asignada en Mercado SPOT Diario España;;;18041.1;2025-09-14T20:00:00+02:00
602;Energía asignada en Mercado SPOT Diario España;;;18616;2025-09-14T21:00:00+02:00
602;Energía asignada en Mercado SPOT Diario España;;;17916;2025-09-14T22:00:00+02:00
602;Energía asignada en Mercado SPOT Diario España;;;16636.7;2025-09-14T23:00:00+02:00
602;Energía asignada en Mercado SPOT Diario España;;;15766.3;2025-09-15T00:00:00+02:00
602;Energía asignada en Mercado SPOT Diario España;;;15886.6;2025-09-15T01:00:00+02:00
602;Energía asignada en Mercado SPOT Diario España;;;15743;2025-09-15T02:00:00+02:00
602;Energía asignada en Mercado SPOT Diario España;;;15595.9;2025-09-15T03:00:00+02:00
602;Energía asignada en Mercado SPOT Diario España;;;15619;2025-09-15T04:00:00+02:00
602;Energía asignada en Mercado SPOT Diario España;;;14937;2025-09-15T05:00:00+02:00
602;Energía asignada en Mercado SPOT Diario España;;;15722.2;2025-09-15T06:00:00+02:00
602;Energía asignada en Mercado SPOT Diario España;;;17850.6;2025-09-15T07:00:00+02:00
602;Energía asignada en Mercado SPOT Diario España;;;19112.1;2025-09-15T08:00:00+02:00
602;Energía asignada en Mercado SPOT Diario España;;;22096.8;2025-09-15T09:00:00+02:00
602;Energía asignada en Mercado SPOT Diario España;;;27390.4;2025-09-15T10:00:00+02:00
602;Energía asignada en Mercado SPOT Diario España;;;30219.5;2025-09-15T11:00:00+02:00
602;Energía asignada en Mercado SPOT Diario España;;;31227.3;2025-09-15T12:00:00+02:00
602;Energía asignada en Mercado SPOT Diario España;;;31460.1;2025-09-15T13:00:00+02:00
602;Energía asignada en Mercado SPOT Diario España;;;31329.3;2025-09-15T14:00:00+02:00
602;Energía asignada en Mercado SPOT Diario España;;;30658.4;2025-09-15T15:00:00+02:00
602;Energía asignada en Mercado SPOT Diario España;;;30571.9;2025-09-15T16:00:00+02:00
602;Energía asignada en Mercado SPOT Diario España;;;30418.7;2025-09-15T17:00:00+02:00
602;Energía asignada en Mercado SPOT Diario España;;;26138.3;2025-09-15T18:00:00+02:00
602;Energía asignada en Mercado SPOT Diario España;;;22522.9;2025-09-15T19:00:00+02:00
602;Energía asignada en Mercado SPOT Diario España;;;20965.6;2025-09-15T20:00:00+02:00
602;Energía asignada en Mercado SPOT Diario España;;;20690.3;2025-09-15T21:00:00+02:00
602;Energía asignada en Mercado SPOT Diario España;;;20086.8;2025-09-15T22:00:00+02:00
602;Energía asignada en Mercado SPOT Diario España;;;19405.4;2025-09-15T23:00:00+02:00
602;Energía asignada en Mercado SPOT Diario España;;;19692.2;2025-09-16T00:00:00+02:00
602;Energía asignada en Mercado SPOT Diario España;;;19348.9;2025-09-16T01:00:00+02:00
602;Energía asignada en Mercado SPOT Diario España;;;18989.6;2025-09-16T02:00:00+02:00
602;Energía asignada en Mercado SPOT Diario España;;;18401.8;2025-09-16T03:00:00+02:00
602;Energía asignada en Mercado SPOT Diario España;;;17858;2025-09-16T04:00:00+02:00
602;Energía asignada en Mercado SPOT Diario España;;;17362.1;2025-09-16T05:00:00+02:00
602;Energía asignada en Mercado SPOT Diario España;;;17224.4;2025-09-16T06:00:00+02:00
602;Energía asignada en Mercado SPOT Diario España;;;19039.5;2025-09-16T07:00:00+02:00
602;Energía asignada en Mercado SPOT Diario España;;;19827.4;2025-09-16T08:00:00+02:00
602;Energía asignada en Mercado SPOT Diario España;;;22583.7;2025-09-16T09:00:00+02:00
602;Energía asignada en Mercado SPOT Diario España;;;28076.6;2025-09-16T10:00:00+02:00
602;Energía asignada en Mercado SPOT Diario España;;;31189;2025-09-16T11:00:00+02:00
602;Energía asignada en Mercado SPOT Diario España;;;31724.3;2025-09-16T12:00:00+02:00
602;Energía asignada en Mercado SPOT Diario España;;;32019.8;2025-09-16T13:00:00+02:00
602;Energía asignada en Mercado SPOT Diario España;;;32021.4;2025-09-16T14:00:00+02:00
602;Energía asignada en Mercado SPOT Diario España;;;31599.9;2025-09-16T15:00:00+02:00
602;Energía asignada en Mercado SPOT Diario España;;;31232.7;2025-09-16T16:00:00+02:00
602;Energía asignada en Mercado SPOT Diario España;;;29131;2025-09-16T17:00:00+02:00
602;Energía asignada en Mercado SPOT Diario España;;;25924.5;2025-09-16T18:00:00+02:00
602;Energía asignada en Mercado SPOT Diario España;;;21597.8;2025-09-16T19:00:00+02:00
602;Energía asignada en Mercado SPOT Diario España;;;22125.7;2025-09-16T20:00:00+02:00
602;Energía asignada en Mercado SPOT Diario España;;;21707;2025-09-16T21:00:00+02:00
602;Energía asignada en Mercado SPOT Diario España;;;20944.7;2025-09-16T22:00:00+02:00
602;Energía asignada en Mercado SPOT Diario España;;;19642.4;2025-09-16T23:00:00+02:00
602;Energía asignada en Mercado SPOT Diario España;;;19876.4;2025-09-17T00:00:00+02:00
602;Energía asignada en Mercado SPOT Diario España;;;19220.1;2025-09-17T01:00:00+02:00
602;Energía asignada en Mercado SPOT Diario España;;;18939.1;2025-09-17T02:00:00+02:00
602;Energía asignada en Mercado SPOT Diario España;;;18806.4;2025-09-17T03:00:00+02:00
602;Energía asignada en Mercado SPOT Diario España;;;18701.9;2025-09-17T04:00:00+02:00
602;Energía asignada en Mercado SPOT Diario España;;;18562.5;2025-09-17T05:00:00+02:00
602;Energía asignada en Mercado SPOT Diario España;;;19190.8;2025-09-17T06:00:00+02:00
602;Energía asignada en Mercado SPOT Diario España;;;20505.9;2025-09-17T07:00:00+02:00
602;Energía asignada en Mercado SPOT Diario España;;;21576.6;2025-09-17T08:00:00+02:00
602;Energía asignada en Mercado SPOT Diario España;;;23484;2025-09-17T09:00:00+02:00
602;Energía asignada en Mercado SPOT Diario España;;;27195.1;2025-09-17T10:00:00+02:00
602;Energía asignada en Mercado SPOT Diario España;;;29601.8;2025-09-17T11:00:00+02:00
602;Energía asignada en Mercado SPOT Diario España;;;30993.2;2025-09-17T12:00:00+02:00
602;Energía asignada en Mercado SPOT Diario España;;;31356.8;2025-09-17T13:00:00+02:00
602;Energía asignada en Mercado SPOT Diario España;;;31389.8;2025-09-17T14:00:00+02:00
602;Energía asignada en Mercado SPOT Diario España;;;30808.3;2025-09-17T15:00:00+02:00
602;Energía asignada en Mercado SPOT Diario España;;;30234.7;2025-09-17T16:00:00+02:00
602;Energía asignada en Mercado SPOT Diario España;;;27524.4;2025-09-17T17:00:00+02:00
602;Energía asignada en Mercado SPOT Diario España;;;23816.8;2025-09-17T18:00:00+02:00
602;Energía asignada en Mercado SPOT Diario España;;;22695.6;2025-09-17T19:00:00+02:00
602;Energía asignada en Mercado SPOT Diario España;;;21977.4;2025-09-17T20:00:00+02:00
602;Energía asignada en Mercado SPOT Diario España;;;21843.9;2025-09-17T21:00:00+02:00
602;Energía asignada en Mercado SPOT Diario España;;;21826.1;2025-09-17T22:00:00+02:00
602;Energía asignada en Mercado SPOT Diario España;;;21073.3;2025-09-17T23:00:00+02:00
602;Energía asignada en Mercado SPOT Diario España;;;19666.1;2025-09-18T00:00:00+02:00
602;Energía asignada en Mercado SPOT Diario España;;;19194.5;2025-09-18T01:00:00+02:00
602;Energía asignada en Mercado SPOT Diario España;;;18472.5;2025-09-18T02:00:00+02:00
602;Energía asignada en Mercado SPOT Diario España;;;17850.3;2025-09-18T03:00:00+02:00
602;Energía asignada en Mercado SPOT Diario España;;;17710.3;2025-09-18T04:00:00+02:00
602;Energía asignada en Mercado SPOT Diario España;;;17871.6;2025-09-18T05:00:00+02:00
602;Energía asignada en Mercado SPOT Diario España;;;18680.8;2025-09-18T06:00:00+02:00
602;Energía asignada en Mercado SPOT Diario España;;;20205.6;2025-09-18T07:00:00+02:00
602;Energía asignada en Mercado SPOT Diario España;;;21340.9;2025-09-18T08:00:00+02:00
602;Energía asignada en Mercado SPOT Diario España;;;22257.1;2025-09-18T09:00:00+02:00
602;Energía asignada en Mercado SPOT Diario España;;;27537;2025-09-18T10:00:00+02:00
602;Energía asignada en Mercado SPOT Diario España;;;27988.1;2025-09-18T11:00:00+02:00
602;Energía asignada en Mercado SPOT Diario España;;;30094.8;2025-09-18T12:00:00+02:00
602;Energía asignada en Mercado SPOT Diario España;;;30743.9;2025-09-18T13:00:00+02:00
602;Energía asignada en Mercado SPOT Diario España;;;30926.2;2025-09-18T14:00:00+02:00
602;Energía asignada en Mercado SPOT Diario España;;;30681.4;2025-09-18T15:00:00+02:00
602;Energía asignada en Mercado SPOT Diario España;;;29968.4;2025-09-18T16:00:00+02:00
602;Energía asignada en Mercado SPOT Diario España;;;27782.5;2025-09-18T17:00:00+02:00
602;Energía asignada en Mercado SPOT Diario España;;;25097.2;2025-09-18T18:00:00+02:00
602;Energía asignada en Mercado SPOT Diario España;;;23381.8;2025-09-18T19:00:00+02:00
602;Energía asignada en Mercado SPOT Diario España;;;23554.5;2025-09-18T20:00:00+02:00
602;Energía asignada en Mercado SPOT Diario España;;;23455.4;2025-09-18T21:00:00+02:00
602;Energía asignada en Mercado SPOT Diario España;;;22472.1;2025-09-18T22:00:00+02:00
602;Energía asignada en Mercado SPOT Diario España;;;21325.5;2025-09-18T23:00:00+02:00
602;Energía asignada en Mercado SPOT Diario España;;;19975.2;2025-09-19T00:00:00+02:00
602;Energía asignada en Mercado SPOT Diario España;;;18859;2025-09-19T01:00:00+02:00
602;Energía asignada en Mercado SPOT Diario España;;;18637.1;2025-09-19T02:00:00+02:00
602;Energía asignada en Mercado SPOT Diario España;;;18448.6;2025-09-19T03:00:00+02:00
602;Energía asignada en Mercado SPOT Diario España;;;18329.1;2025-09-19T04:00:00+02:00
602;Energía asignada en Mercado SPOT Diario España;;;18342.7;2025-09-19T05:00:00+02:00
602;Energía asignada en Mercado SPOT Diario España;;;18773.7;2025-09-19T06:00:00+02:00
602;Energía asignada en Mercado SPOT Diario España;;;19833.5;2025-09-19T07:00:00+02:00
602;Energía asignada en Mercado SPOT Diario España;;;20745.3;2025-09-19T08:00:00+02:00
602;Energía asignada en Mercado SPOT Diario España;;;22721.1;2025-09-19T09:00:00+02:00
602;Energía asignada en Mercado SPOT Diario España;;;25775.8;2025-09-19T10:00:00+02:00
602;Energía asignada en Mercado SPOT Diario España;;;28581.8;2025-09-19T11:00:00+02:00
602;Energía asignada en Mercado SPOT Diario España;;;29879.5;2025-09-19T12:00:00+02:00
602;Energía asignada en Mercado SPOT Diario España;;;30300.8;2025-09-19T13:00:00+02:00
602;Energía asignada en Mercado SPOT Diario España;;;32426.4;2025-09-19T14:00:00+02:00
602;Energía asignada en Mercado SPOT Diario España;;;31724.1;2025-09-19T15:00:00+02:00
602;Energía asignada en Mercado SPOT Diario España;;;29085.6;2025-09-19T16:00:00+02:00
602;Energía asignada en Mercado SPOT Diario España;;;27627.3;2025-09-19T17:00:00+02:00
602;Energía asignada en Mercado SPOT Diario España;;;24003.7;2025-09-19T18:00:00+02:00
602;Energía asignada en Mercado SPOT Diario España;;;22909.6;2025-09-19T19:00:00+02:00
602;Energía asignada en Mercado SPOT Diario España;;;22065.7;2025-09-19T20:00:00+02:00
602;Energía asignada en Mercado SPOT Diario España;;;21766.7;2025-09-19T21:00:00+02:00
602;Energía asignada en Mercado SPOT Diario España;;;21306.9;2025-09-19T22:00:00+02:00
602;Energía asignada en Mercado SPOT Diario España;;;20006.4;2025-09-19T23:00:00+02:00
602;Energía asignada en Mercado SPOT Diario España;;;17785.6;2025-09-20T00:00:00+02:00
602;Energía asignada en Mercado SPOT Diario España;;;17352.9;2025-09-20T01:00:00+02:00
602;Energía asignada en Mercado SPOT Diario España;;;17147.3;2025-09-20T02:00:00+02:00
602;Energía asignada en Mercado SPOT Diario España;;;16886.1;2025-09-20T03:00:00+02:00
602;Energía asignada en Mercado SPOT Diario España;;;16481.7;2025-09-20T04:00:00+02:00
602;Energía asignada en Mercado SPOT Diario España;;;16227.2;2025-09-20T05:00:00+02:00
602;Energía asignada en Mercado SPOT Diario España;;;16231.2;2025-09-20T06:00:00+02:00
602;Energía asignada en Mercado SPOT Diario España;;;17027.4;2025-09-20T07:00:00+02:00
602;Energía asignada en Mercado SPOT Diario España;;;17892.8;2025-09-20T08:00:00+02:00
602;Energía asignada en Mercado SPOT Diario España;;;21722.5;2025-09-20T09:00:00+02:00
602;Energía asignada en Mercado SPOT Diario España;;;26874.2;2025-09-20T10:00:00+02:00
602;Energía asignada en Mercado SPOT Diario España;;;29188.1;2025-09-20T11:00:00+02:00
602;Energía asignada en Mercado SPOT Diario España;;;29348.8;2025-09-20T12:00:00+02:00
602;Energía asignada en Mercado SPOT Diario España;;;29709;2025-09-20T13:00:00+02:00
602;Energía asignada en Mercado SPOT Diario España;;;29525.9;2025-09-20T14:00:00+02:00
602;Energía asignada en Mercado SPOT Diario España;;;28511;2025-09-20T15:00:00+02:00
602;Energía asignada en Mercado SPOT Diario España;;;28161.9;2025-09-20T16:00:00+02:00
602;Energía asignada en Mercado SPOT Diario España;;;27597.4;2025-09-20T17:00:00+02:00
602;Energía asignada en Mercado SPOT Diario España;;;23983.3;2025-09-20T18:00:00+02:00
602;Energía asignada en Mercado SPOT Diario España;;;19500.5;2025-09-20T19:00:00+02:00
602;Energía asignada en Mercado SPOT Diario España;;;18424.6;2025-09-20T20:00:00+02:00
602;Energía asignada en Mercado SPOT Diario España;;;18302.5;2025-09-20T21:00:00+02:00
602;Energía asignada en Mercado SPOT Diario España;;;16957.7;2025-09-20T22:00:00+02:00
602;Energía asignada en Mercado SPOT Diario España;;;15933.4;2025-09-20T23:00:00+02:00
602;Energía asignada en Mercado SPOT Diario España;;;15371.6;2025-09-21T00:00:00+02:00
602;Energía asignada en Mercado SPOT Diario España;;;15088.6;2025-09-21T01:00:00+02:00
602;Energía asignada en Mercado SPOT Diario España;;;14939.8;2025-09-21T02:00:00+02:00
602;Energía asignada en Mercado SPOT Diario España;;;14052;2025-09-21T03:00:00+02:00
602;Energía asignada en Mercado SPOT Diario España;;;13753.3;2025-09-21T04:00:00+02:00
602;Energía asignada en Mercado SPOT Diario España;;;13909.9;2025-09-21T05:00:00+02:00
602;Energía asignada en Mercado SPOT Diario España;;;14118.1;2025-09-21T06:00:00+02:00
602;Energía asignada en Mercado SPOT Diario España;;;14473.6;2025-09-21T07:00:00+02:00
602;Energía asignada en Mercado SPOT Diario España;;;16921.8;2025-09-21T08:00:00+02:00
602;Energía asignada en Mercado SPOT Diario España;;;20533.1;2025-09-21T09:00:00+02:00
602;Energía asignada en Mercado SPOT Diario España;;;24392.3;2025-09-21T10:00:00+02:00
602;Energía asignada en Mercado SPOT Diario España;;;26143.7;2025-09-21T11:00:00+02:00
602;Energía asignada en Mercado SPOT Diario España;;;26091.4;2025-09-21T12:00:00+02:00
602;Energía asignada en Mercado SPOT Diario España;;;26461.9;2025-09-21T13:00:00+02:00
602;Energía asignada en Mercado SPOT Diario España;;;26222.8;2025-09-21T14:00:00+02:00
602;Energía asignada en Mercado SPOT Diario España;;;25037.5;2025-09-21T15:00:00+02:00
602;Energía asignada en Mercado SPOT Diario España;;;24257.8;2025-09-21T16:00:00+02:00
602;Energía asignada en Mercado SPOT Diario España;;;25111;2025-09-21T17:00:00+02:00
602;Energía asignada en Mercado SPOT Diario España;;;27443.3;2025-09-21T18:00:00+02:00
602;Energía asignada en Mercado SPOT Diario España;;;22200.3;2025-09-21T19:00:00+02:00
602;Energía asignada en Mercado SPOT Diario España;;;18790.5;2025-09-21T20:00:00+02:00
602;Energía asignada en Mercado SPOT Diario España;;;18873.8;2025-09-21T21:00:00+02:00
602;Energía asignada en Mercado SPOT Diario España;;;17772.9;2025-09-21T22:00:00+02:00
602;Energía asignada en Mercado SPOT Diario España;;;19477.4;2025-09-21T23:00:00+02:00
602;Energía asignada en Mercado SPOT Diario España;;;19852;2025-09-22T00:00:00+02:00
602;Energía asignada en Mercado SPOT Diario España;;;18922.4;2025-09-22T01:00:00+02:00
602;Energía asignada en Mercado SPOT Diario España;;;18248.4;2025-09-22T02:00:00+02:00
602;Energía asignada en Mercado SPOT Diario España;;;17870.6;2025-09-22T03:00:00+02:00
602;Energía asignada en Mercado SPOT Diario España;;;17511.7;2025-09-22T04:00:00+02:00
602;Energía asignada en Mercado SPOT Diario España;;;18003.9;2025-09-22T05:00:00+02:00
602;Energía asignada en Mercado SPOT Diario España;;;19315.2;2025-09-22T06:00:00+02:00
602;Energía asignada en Mercado SPOT Diario España;;;19754.2;2025-09-22T07:00:00+02:00
602;Energía asignada en Mercado SPOT Diario España;;;21157.4;2025-09-22T08:00:00+02:00
602;Energía asignada en Mercado SPOT Diario España;;;25886.3;2025-09-22T09:00:00+02:00
602;Energía asignada en Mercado SPOT Diario España;;;29790.9;2025-09-22T10:00:00+02:00
602;Energía asignada en Mercado SPOT Diario España;;;29376.6;2025-09-22T11:00:00+02:00
602;Energía asignada en Mercado SPOT Diario España;;;29633.5;2025-09-22T12:00:00+02:00
602;Energía asignada en Mercado SPOT Diario España;;;29812.7;2025-09-22T13:00:00+02:00
602;Energía asignada en Mercado SPOT Diario España;;;29698.6;2025-09-22T14:00:00+02:00
602;Energía asignada en Mercado SPOT Diario España;;;29238.2;2025-09-22T15:00:00+02:00
602;Energía asignada en Mercado SPOT Diario España;;;29098.9;2025-09-22T16:00:00+02:00
602;Energía asignada en Mercado SPOT Diario España;;;30283.4;2025-09-22T17:00:00+02:00
602;Energía asignada en Mercado SPOT Diario España;;;28133.4;2025-09-22T18:00:00+02:00
602;Energía asignada en Mercado SPOT Diario España;;;23311.4;2025-09-22T19:00:00+02:00
602;Energía asignada en Mercado SPOT Diario España;;;22154.4;2025-09-22T20:00:00+02:00
602;Energía asignada en Mercado SPOT Diario España;;;21645.4;2025-09-22T21:00:00+02:00
602;Energía asignada en Mercado SPOT Diario España;;;20588.2;2025-09-22T22:00:00+02:00
602;Energía asignada en Mercado SPOT Diario España;;;18792;2025-09-22T23:00:00+02:00
602;Energía asignada en Mercado SPOT Diario España;;;18009.4;2025-09-23T00:00:00+02:00
602;Energía asignada en Mercado SPOT Diario España;;;17964.4;2025-09-23T01:00:00+02:00
602;Energía asignada en Mercado SPOT Diario España;;;17744.2;2025-09-23T02:00:00+02:00
602;Energía asignada en Mercado SPOT Diario España;;;17455.6;2025-09-23T03:00:00+02:00
602;Energía asignada en Mercado SPOT Diario España;;;17290.3;2025-09-23T04:00:00+02:00
602;Energía asignada en Mercado SPOT Diario España;;;17645.2;2025-09-23T05:00:00+02:00
602;Energía asignada en Mercado SPOT Diario España;;;19679.5;2025-09-23T06:00:00+02:00
602;Energía asignada en Mercado SPOT Diario España;;;20498.6;2025-09-23T07:00:00+02:00
602;Energía asignada en Mercado SPOT Diario España;;;21504.6;2025-09-23T08:00:00+02:00
602;Energía asignada en Mercado SPOT Diario España;;;26431.7;2025-09-23T09:00:00+02:00
602;Energía asignada en Mercado SPOT Diario España;;;30884.8;2025-09-23T10:00:00+02:00
602;Energía asignada en Mercado SPOT Diario España;;;31716.7;2025-09-23T11:00:00+02:00
602;Energía asignada en Mercado SPOT Diario España;;;32133.9;2025-09-23T12:00:00+02:00
602;Energía asignada en Mercado SPOT Diario España;;;31523.7;2025-09-23T13:00:00+02:00
602;Energía asignada en Mercado SPOT Diario España;;;30505.9;2025-09-23T14:00:00+02:00
602;Energía asignada en Mercado SPOT Diario España;;;29667.2;2025-09-23T15:00:00+02:00
602;Energía asignada en Mercado SPOT Diario España;;;30450;2025-09-23T16:00:00+02:00
602;Energía asignada en Mercado SPOT Diario España;;;31138.1;2025-09-23T17:00:00+02:00
602;Energía asignada en Mercado SPOT Diario España;;;27201.4;2025-09-23T18:00:00+02:00
602;Energía asignada en Mercado SPOT Diario España;;;23221;2025-09-23T19:00:00+02:00
602;Energía asignada en Mercado SPOT Diario España;;;22233.8;2025-09-23T20:00:00+02:00
602;Energía asignada en Mercado SPOT Diario España;;;22247.8;2025-09-23T21:00:00+02:00
602;Energía asignada en Mercado SPOT Diario España;;;21288.5;2025-09-23T22:00:00+02:00
602;Energía asignada en Mercado SPOT Diario España;;;20333.4;2025-09-23T23:00:00+02:00
602;Energía asignada en Mercado SPOT Diario España;;;20567.4;2025-09-24T00:00:00+02:00
602;Energía asignada en Mercado SPOT Diario España;;;19894.2;2025-09-24T01:00:00+02:00
602;Energía asignada en Mercado SPOT Diario España;;;19162.9;2025-09-24T02:00:00+02:00
602;Energía asignada en Mercado SPOT Diario España;;;18718.9;2025-09-24T03:00:00+02:00
602;Energía asignada en Mercado SPOT Diario España;;;18466.7;2025-09-24T04:00:00+02:00
602;Energía asignada en Mercado SPOT Diario España;;;18438.1;2025-09-24T05:00:00+02:00
602;Energía asignada en Mercado SPOT Diario España;;;19760.7;2025-09-24T06:00:00+02:00
602;Energía asignada en Mercado SPOT Diario España;;;20382.9;2025-09-24T07:00:00+02:00
602;Energía asignada en Mercado SPOT Diario España;;;21160;2025-09-24T08:00:00+02:00
602;Energía asignada en Mercado SPOT Diario España;;;23640.9;2025-09-24T09:00:00+02:00
602;Energía asignada en Mercado SPOT Diario España;;;29219.5;2025-09-24T10:00:00+02:00
602;Energía asignada en Mercado SPOT Diario España;;;30187.4;2025-09-24T11:00:00+02:00
602;Energía asignada en Mercado SPOT Diario España;;;30771.8;2025-09-24T12:00:00+02:00
602;Energía asignada en Mercado SPOT Diario España;;;31279.3;2025-09-24T13:00:00+02:00
602;Energía asignada en Mercado SPOT Diario España;;;30314.2;2025-09-24T14:00:00+02:00
602;Energía asignada en Mercado SPOT Diario España;;;29084.5;2025-09-24T15:00:00+02:00
602;Energía asignada en Mercado SPOT Diario España;;;28886.2;2025-09-24T16:00:00+02:00
602;Energía asignada en Mercado SPOT Diario España;;;29519.3;2025-09-24T17:00:00+02:00
602;Energía asignada en Mercado SPOT Diario España;;;24902.7;2025-09-24T18:00:00+02:00
602;Energía asignada en Mercado SPOT Diario España;;;22182.8;2025-09-24T19:00:00+02:00
602;Energía asignada en Mercado SPOT Diario España;;;22479.5;2025-09-24T20:00:00+02:00
602;Energía asignada en Mercado SPOT Diario España;;;22387.8;2025-09-24T21:00:00+02:00
602;Energía asignada en Mercado SPOT Diario España;;;21175.1;2025-09-24T22:00:00+02:00
602;Energía asignada en Mercado SPOT Diario España;;;19836.9;2025-09-24T23:00:00+02:00
602;Energía asignada en Mercado SPOT Diario España;;;18717.4;2025-09-25T00:00:00+02:00
602;Energía asignada en Mercado SPOT Diario España;;;18497.9;2025-09-25T01:00:00+02:00
602;Energía asignada en Mercado SPOT Diario España;;;17685.4;2025-09-25T02:00:00+02:00
602;Energía asignada en Mercado SPOT Diario España;;;17130.4;2025-09-25T03:00:00+02:00
602;Energía asignada en Mercado SPOT Diario España;;;16609.5;2025-09-25T04:00:00+02:00
602;Energía asignada en Mercado SPOT Diario España;;;17116;2025-09-25T05:00:00+02:00
602;Energía asignada en Mercado SPOT Diario España;;;17715.4;2025-09-25T06:00:00+02:00
602;Energía asignada en Mercado SPOT Diario España;;;19487.3;2025-09-25T07:00:00+02:00
602;Energía asignada en Mercado SPOT Diario España;;;20063.6;2025-09-25T08:00:00+02:00
602;Energía asignada en Mercado SPOT Diario España;;;21766.9;2025-09-25T09:00:00+02:00
602;Energía asignada en Mercado SPOT Diario España;;;24793.8;2025-09-25T10:00:00+02:00
602;Energía asignada en Mercado SPOT Diario España;;;28777.3;2025-09-25T11:00:00+02:00
602;Energía asignada en Mercado SPOT Diario España;;;29723.5;2025-09-25T12:00:00+02:00
602;Energía asignada en Mercado SPOT Diario España;;;29728;2025-09-25T13:00:00+02:00
602;Energía asignada en Mercado SPOT Diario España;;;29454.9;2025-09-25T14:00:00+02:00
602;Energía asignada en Mercado SPOT Diario España;;;28926.6;2025-09-25T15:00:00+02:00
602;Energía asignada en Mercado SPOT Diario España;;;28148.5;2025-09-25T16:00:00+02:00
602;Energía asignada en Mercado SPOT Diario España;;;25539.8;2025-09-25T17:00:00+02:00
602;Energía asignada en Mercado SPOT Diario España;;;23249.9;2025-09-25T18:00:00+02:00
602;Energía asignada en Mercado SPOT Diario España;;;21417.4;2025-09-25T19:00:00+02:00
602;Energía asignada en Mercado SPOT Diario España;;;23068.2;2025-09-25T20:00:00+02:00
602;Energía asignada en Mercado SPOT Diario España;;;22894;2025-09-25T21:00:00+02:00
602;Energía asignada en Mercado SPOT Diario España;;;21366.9;2025-09-25T22:00:00+02:00
602;Energía asignada en Mercado SPOT Diario España;;;19761.7;2025-09-25T23:00:00+02:00
602;Energía asignada en Mercado SPOT Diario España;;;19956.3;2025-09-26T00:00:00+02:00
602;Energía asignada en Mercado SPOT Diario España;;;19478.4;2025-09-26T01:00:00+02:00
602;Energía asignada en Mercado SPOT Diario España;;;19210.6;2025-09-26T02:00:00+02:00
602;Energía asignada en Mercado SPOT Diario España;;;18836.1;2025-09-26T03:00:00+02:00
602;Energía asignada en Mercado SPOT Diario España;;;18674.7;2025-09-26T04:00:00+02:00
602;Energía asignada en Mercado SPOT Diario España;;;18541.4;2025-09-26T05:00:00+02:00
602;Energía asignada en Mercado SPOT Diario España;;;19582.8;2025-09-26T06:00:00+02:00
602;Energía asignada en Mercado SPOT Diario España;;;20984.3;2025-09-26T07:00:00+02:00
602;Energía asignada en Mercado SPOT Diario España;;;21680.7;2025-09-26T08:00:00+02:00
602;Energía asignada en Mercado SPOT Diario España;;;23310.2;2025-09-26T09:00:00+02:00
602;Energía asignada en Mercado SPOT Diario España;;;25966.3;2025-09-26T10:00:00+02:00
602;Energía asignada en Mercado SPOT Diario España;;;27064;2025-09-26T11:00:00+02:00
602;Energía asignada en Mercado SPOT Diario España;;;27859;2025-09-26T12:00:00+02:00
602;Energía asignada en Mercado SPOT Diario España;;;28080.1;2025-09-26T13:00:00+02:00
602;Energía asignada en Mercado SPOT Diario España;;;28093.9;2025-09-26T14:00:00+02:00
602;Energía asignada en Mercado SPOT Diario España;;;27964.1;2025-09-26T15:00:00+02:00
602;Energía asignada en Mercado SPOT Diario España;;;27664.8;2025-09-26T16:00:00+02:00
602;Energía asignada en Mercado SPOT Diario España;;;26150.1;2025-09-26T17:00:00+02:00
602;Energía asignada en Mercado SPOT Diario España;;;23459.4;2025-09-26T18:00:00+02:00
602;Energía asignada en Mercado SPOT Diario España;;;22179.7;2025-09-26T19:00:00+02:00
602;Energía asignada en Mercado SPOT Diario España;;;22543.2;2025-09-26T20:00:00+02:00
602;Energía asignada en Mercado SPOT Diario España;;;21924.2;2025-09-26T21:00:00+02:00
602;Energía asignada en Mercado SPOT Diario España;;;20322.6;2025-09-26T22:00:00+02:00
602;Energía asignada en Mercado SPOT Diario España;;;19571.4;2025-09-26T23:00:00+02:00
602;Energía asignada en Mercado SPOT Diario España;;;17554.4;2025-09-27T00:00:00+02:00
602;Energía asignada en Mercado SPOT Diario España;;;16800.5;2025-09-27T01:00:00+02:00
602;Energía asignada en Mercado SPOT Diario España;;;16492.8;2025-09-27T02:00:00+02:00
602;Energía asignada en Mercado SPOT Diario España;;;15526.4;2025-09-27T03:00:00+02:00
602;Energía asignada en Mercado SPOT Diario España;;;15778.3;2025-09-27T04:00:00+02:00
602;Energía asignada en Mercado SPOT Diario España;;;16196.3;2025-09-27T05:00:00+02:00
602;Energía asignada en Mercado SPOT Diario España;;;17222;2025-09-27T06:00:00+02:00
602;Energía asignada en Mercado SPOT Diario España;;;17027.7;2025-09-27T07:00:00+02:00
602;Energía asignada en Mercado SPOT Diario España;;;16699.6;2025-09-27T08:00:00+02:00
602;Energía asignada en Mercado SPOT Diario España;;;20161.9;2025-09-27T09:00:00+02:00
602;Energía asignada en Mercado SPOT Diario España;;;22888.1;2025-09-27T10:00:00+02:00
602;Energía asignada en Mercado SPOT Diario España;;;25164;2025-09-27T11:00:00+02:00
602;Energía asignada en Mercado SPOT Diario España;;;26171.8;2025-09-27T12:00:00+02:00
602;Energía asignada en Mercado SPOT Diario España;;;26732.4;2025-09-27T13:00:00+02:00
602;Energía asignada en Mercado SPOT Diario España;;;26705;2025-09-27T14:00:00+02:00
602;Energía asignada en Mercado SPOT Diario España;;;26048.7;2025-09-27T15:00:00+02:00
602;Energía asignada en Mercado SPOT Diario España;;;24680.9;2025-09-27T16:00:00+02:00
602;Energía asignada en Mercado SPOT Diario España;;;22770.9;2025-09-27T17:00:00+02:00
602;Energía asignada en Mercado SPOT Diario España;;;19518.4;2025-09-27T18:00:00+02:00
602;Energía asignada en Mercado SPOT Diario España;;;18431.7;2025-09-27T19:00:00+02:00
602;Energía asignada en Mercado SPOT Diario España;;;19657.2;2025-09-27T20:00:00+02:00
602;Energía asignada en Mercado SPOT Diario España;;;19313;2025-09-27T21:00:00+02:00
602;Energía asignada en Mercado SPOT Diario España;;;17848.9;2025-09-27T22:00:00+02:00
602;Energía asignada en Mercado SPOT Diario España;;;16339.2;2025-09-27T23:00:00+02:00
602;Energía asignada en Mercado SPOT Diario España;;;16133.7;2025-09-28T00:00:00+02:00
602;Energía asignada en Mercado SPOT Diario España;;;15089.8;2025-09-28T01:00:00+02:00
602;Energía asignada en Mercado SPOT Diario España;;;14221.3;2025-09-28T02:00:00+02:00
602;Energía asignada en Mercado SPOT Diario España;;;14376.2;2025-09-28T03:00:00+02:00
602;Energía asignada en Mercado SPOT Diario España;;;14434.3;2025-09-28T04:00:00+02:00
602;Energía asignada en Mercado SPOT Diario España;;;14527.7;2025-09-28T05:00:00+02:00
602;Energía asignada en Mercado SPOT Diario España;;;15241.5;2025-09-28T06:00:00+02:00
602;Energía asignada en Mercado SPOT Diario España;;;15077.9;2025-09-28T07:00:00+02:00
602;Energía asignada en Mercado SPOT Diario España;;;15328.5;2025-09-28T08:00:00+02:00
602;Energía asignada en Mercado SPOT Diario España;;;17747.6;2025-09-28T09:00:00+02:00
602;Energía asignada en Mercado SPOT Diario España;;;19656.6;2025-09-28T10:00:00+02:00
602;Energía asignada en Mercado SPOT Diario España;;;21620.4;2025-09-28T11:00:00+02:00
602;Energía asignada en Mercado SPOT Diario España;;;23722.7;2025-09-28T12:00:00+02:00
602;Energía asignada en Mercado SPOT Diario España;;;25244.7;2025-09-28T13:00:00+02:00
602;Energía asignada en Mercado SPOT Diario España;;;25483.4;2025-09-28T14:00:00+02:00
602;Energía asignada en Mercado SPOT Diario España;;;23460.4;2025-09-28T15:00:00+02:00
602;Energía asignada en Mercado SPOT Diario España;;;22681.5;2025-09-28T16:00:00+02:00
602;Energía asignada en Mercado SPOT Diario España;;;19653.4;2025-09-28T17:00:00+02:00
602;Energía asignada en Mercado SPOT Diario España;;;18384.3;2025-09-28T18:00:00+02:00
602;Energía asignada en Mercado SPOT Diario España;;;19721.6;2025-09-28T19:00:00+02:00
602;Energía asignada en Mercado SPOT Diario España;;;19380.8;2025-09-28T20:00:00+02:00
602;Energía asignada en Mercado SPOT Diario España;;;20483.1;2025-09-28T21:00:00+02:00
602;Energía asignada en Mercado SPOT Diario España;;;19740.7;2025-09-28T22:00:00+02:00
602;Energía asignada en Mercado SPOT Diario España;;;19126.1;2025-09-28T23:00:00+02:00
602;Energía asignada en Mercado SPOT Diario España;;;16223.6;2025-09-29T00:00:00+02:00
602;Energía asignada en Mercado SPOT Diario España;;;15849.6;2025-09-29T01:00:00+02:00
602;Energía asignada en Mercado SPOT Diario España;;;15877.7;2025-09-29T02:00:00+02:00
602;Energía asignada en Mercado SPOT Diario España;;;15911.5;2025-09-29T03:00:00+02:00
602;Energía asignada en Mercado SPOT Diario España;;;15896.6;2025-09-29T04:00:00+02:00
602;Energía asignada en Mercado SPOT Diario España;;;16583.9;2025-09-29T05:00:00+02:00
602;Energía asignada en Mercado SPOT Diario España;;;17431.4;2025-09-29T06:00:00+02:00
602;Energía asignada en Mercado SPOT Diario España;;;20706.9;2025-09-29T07:00:00+02:00
602;Energía asignada en Mercado SPOT Diario España;;;20152.7;2025-09-29T08:00:00+02:00
602;Energía asignada en Mercado SPOT Diario España;;;19019.3;2025-09-29T09:00:00+02:00
602;Energía asignada en Mercado SPOT Diario España;;;20515.2;2025-09-29T10:00:00+02:00
602;Energía asignada en Mercado SPOT Diario España;;;23835.7;2025-09-29T11:00:00+02:00
602;Energía asignada en Mercado SPOT Diario España;;;24883.5;2025-09-29T12:00:00+02:00
602;Energía asignada en Mercado SPOT Diario España;;;25990.5;2025-09-29T13:00:00+02:00
602;Energía asignada en Mercado SPOT Diario España;;;26204.7;2025-09-29T14:00:00+02:00
602;Energía asignada en Mercado SPOT Diario España;;;25409.3;2025-09-29T15:00:00+02:00
602;Energía asignada en Mercado SPOT Diario España;;;25068.4;2025-09-29T16:00:00+02:00
602;Energía asignada en Mercado SPOT Diario España;;;22871.3;2025-09-29T17:00:00+02:00
602;Energía asignada en Mercado SPOT Diario España;;;19725.3;2025-09-29T18:00:00+02:00
602;Energía asignada en Mercado SPOT Diario España;;;19482.2;2025-09-29T19:00:00+02:00
602;Energía asignada en Mercado SPOT Diario España;;;19412.5;2025-09-29T20:00:00+02:00
602;Energía asignada en Mercado SPOT Diario España;;;18964.2;2025-09-29T21:00:00+02:00
602;Energía asignada en Mercado SPOT Diario España;;;17616.8;2025-09-29T22:00:00+02:00
602;Energía asignada en Mercado SPOT Diario España;;;15717.9;2025-09-29T23:00:00+02:00
602;Energía asignada en Mercado SPOT Diario España;;;16436.7;2025-09-30T00:00:00+02:00
602;Energía asignada en Mercado SPOT Diario España;;;15888.6;2025-09-30T01:00:00+02:00
602;Energía asignada en Mercado SPOT Diario España;;;15876.1;2025-09-30T02:00:00+02:00
602;Energía asignada en Mercado SPOT Diario España;;;15500.5;2025-09-30T03:00:00+02:00
602;Energía asignada en Mercado SPOT Diario España;;;15265.4;2025-09-30T04:00:00+02:00
602;Energía asignada en Mercado SPOT Diario España;;;15183.4;2025-09-30T05:00:00+02:00
602;Energía asignada en Mercado SPOT Diario España;;;15752.7;2025-09-30T06:00:00+02:00
602;Energía asignada en Mercado SPOT Diario España;;;17462.7;2025-09-30T07:00:00+02:00
602;Energía asignada en Mercado SPOT Diario España;;;18867;2025-09-30T08:00:00+02:00
602;Energía asignada en Mercado SPOT Diario España;;;20511.7;2025-09-30T09:00:00+02:00
602;Energía asignada en Mercado SPOT Diario España;;;24228.2;2025-09-30T10:00:00+02:00
602;Energía asignada en Mercado SPOT Diario España;;;27099.7;2025-09-30T11:00:00+02:00
602;Energía asignada en Mercado SPOT Diario España;;;27595.4;2025-09-30T12:00:00+02:00
602;Energía asignada en Mercado SPOT Diario España;;;27745.5;2025-09-30T13:00:00+02:00
602;Energía asignada en Mercado SPOT Diario España;;;27490.5;2025-09-30T14:00:00+02:00
602;Energía asignada en Mercado SPOT Diario España;;;26487.6;2025-09-30T15:00:00+02:00
602;Energía asignada en Mercado SPOT Diario España;;;25826;2025-09-30T16:00:00+02:00
602;Energía asignada en Mercado SPOT Diario España;;;24198.6;2025-09-30T17:00:00+02:00
602;Energía asignada en Mercado SPOT Diario España;;;21090.5;2025-09-30T18:00:00+02:00
602;Energía asignada en Mercado SPOT Diario España;;;19278.1;2025-09-30T19:00:00+02:00
602;Energía asignada en Mercado SPOT Diario España;;;20422.9;2025-09-30T20:00:00+02:00
602;Energía asignada en Mercado SPOT Diario España;;;19982.9;2025-09-30T21:00:00+02:00
602;Energía asignada en Mercado SPOT Diario España;;;18604.3;2025-09-30T22:00:00+02:00
602;Energía asignada en Mercado SPOT Diario España;;;18504.4;2025-09-30T23:00:00+02:00